{
    "header":{
        "StorageCapacityBytes":"4194304",
        "ServicePackFileLocation":"sp_4.5.0.11_3.1.0.5_3.1.0.25.bin",
        "EnableReturnToFactory":"defaults_and_image",
        "Description":"",
        "Is5GSupport":true,
        "IsGen3":true,
        "UseKey":0,
        "UseDefaultCertStore":false,
        "Name":"cc3235s_local_ota_tirtos",
        "KeyFileLocation":"",
        "UseSecBtldr":false,
        "DeviceType":"CC3235S",
        "ProductionNWP":"1",
        "ReturnToFactoryGPIO":"0",
        "Mode":"production",
        "AddClstOta":false,
        "IsTheDeviceSecure":true,
        "UseOtp":false,
        "UseDefaultPlayGroundCatalog":false
    },
    "systemFiles":{
        "FILES":{
            "SystemFileId":"FILES",
            "CSS_FILE_NAME":"certcatalogPlayGround20160911.lst.signed_3235.bin",
            "SP_FILE_NAME":"sp_4.5.0.11_3.1.0.5_3.1.0.25.bin",
            "SM_MCU_NAME":"",
            "CS_FILE_NAME":"certcatalogPlayGround20160911.lst",
            "OTP_NAME":"",
            "SM_MCU_CERT_NAME":""
        },
        "CONFIG_TYPE_IP_CONFIG":{
            "AP_SUBNET_MASK":null,
            "AP_IPV6_DNS_SERVER":null,
            "AP_DEFAULT_GATEWAY":"10.123.45.1",
            "AP_ARP_RENEW_TIME":null,
            "AP_IPV4_DNS_SERVER":"10.123.45.1",
            "STA_DHCP_CLIENT_TIME_OUT":null,
            "STA_IPV4_DNS_SERVER":"192.168.1.31",
            "AP_DHCP_CLIENT_TIME_OUT":null,
            "AP_DHCP_SERVER_LAST_IP_ADDRESS":"10.123.45.254",
            "STA_INACTIVITY_TIME":null,
            "AP_STATIC_IPV6_GLOBAL_ADDRESS":null,
            "STA_IPV6_DNS_SERVER":null,
            "STA_SUBNET_MASK":"255.255.255.0",
            "AP_KEEP_ALIVE_TIME":null,
            "STA_ARP_RENEW_TIME":null,
            "AP_STATIC_IP":"10.123.45.1",
            "STA_STATIC_IPV6_GLOBAL_ADDRESS":null,
            "AP_DNS_CLIENT_TIME":null,
            "AP_IP_MODE":null,
            "STA_DNS_CLIENT_TIME":null,
            "AP_DHCP_SERVER_MODE":null,
            "AP_STATIC_IPV6_LOCAL_ADDRESS":null,
            "STA_DEFAULT_GATEWAY":"192.168.1.31",
            "AP_DHCP_SERVER_START_IP_ADDRESS":"10.123.45.2",
            "STA_IP_MODE":"True",
            "STA_DHCP_SERVER_START_IP_ADDRESS":null,
            "STA_STATIC_IP":"192.168.1.101",
            "SystemFileId":"CONFIG_TYPE_IP_CONFIG",
            "STA_KEEP_ALIVE_TIME":null,
            "STA_STATIC_IPV6_LOCAL_ADDRESS":null,
            "STA_DHCP_SERVER_LAST_IP_ADDRESS":null,
            "AP_INACTIVITY_TIME":null,
            "STA_DHCP_SERVER_MODE":null
        },
        "CONFIG_TYPE_DEVICE_NAME":{
            "DEVICE_URN":"mysimplelink",
            "DOMAIN_NAME":"mysimplelink.net"
        },
        "CONFIG_TYPE_AP":{
            "SSID":"mysimplelink",
            "SECURITY":"0",
            "PASSWORD":"",
            "HIDDEN_SSID":"0",
            "CHANNEL":"1",
            "MAX_STT":"4"
        },
        "CONFIG_TYPE_CSR_DICE_CFG":{
            "CSR_START_DAY":"01",
            "CSR_EMAIL":"",
            "CSR_ISCA":false,
            "CSR_COUNTRY_CODE":"",
            "CSR_ORGANIZATION":"",
            "CSR_START_YEAR":"2013",
            "CSR_END_DAY":"31",
            "CREATE_CSR":false,
            "CSR_LOCALITY":"",
            "CSR_USE_UDID_AS_COMMON_NAME":false,
            "CSR_SURNAME":"",
            "USE_SELF_SIGNED_CERT":false,
            "CSR_VENDOR":false,
            "CSR_STATE":"",
            "CSR_TOKEN":"",
            "SystemFileId":"CONFIG_TYPE_CSR_DICE_CFG",
            "USE_RAND_NUMBER":false,
            "CSR_ORGANIZATION_UNIT":"",
            "CSR_START_MONTH":"01",
            "CSR_CERT_NUMBER":"",
            "CSR_NAME":"",
            "CSR_END_MONTH":"12",
            "ENABLE_DICE":"0",
            "CSR_END_YEAR":"2020"
        },
        "CONFIG_TYPE_HTTP_SRV":{
            "PRIM_PORT_SECURE":false,
            "SEC_PORT_VAL":"8080",
            "ACCESS_ROM":true,
            "PRIVATEKEY_FILE_NAME":"",
            "CERTIFICATE_FILE_NAME":"",
            "ACCESS_CA_CERT":false,
            "SEC_PORT_ENABLE":false,
            "CA_CERTIFICATE_FILE_NAME":"",
            "DEFAULT_CHANGED":false,
            "PRIM_PORT_VAL":"80"
        },
        "CONFIG_TYPE_MAC":{
            "USE_DEFAULT":1,
            "SystemFileId":"CONFIG_TYPE_MAC",
            "MAC_ADDR":"08:00:28:11:22:33"
        },
        "REG_DOMAIN":{
            "ETSI24BOL_CHANNEL_8":0,
            "ETSI24BOL_CHANNEL_9":0,
            "FCC2411B_CHANNEL_7":0,
            "FCC_CHANNEL_120":0,
            "ETSI24BOL_CHANNEL_2":0,
            "ETSI24BOL_CHANNEL_3":0,
            "ETSI24BOL_CHANNEL_1":0,
            "ETSI24BOL_CHANNEL_6":0,
            "ETSI24BOL_CHANNEL_7":0,
            "ETSI24BOL_CHANNEL_4":0,
            "ETSI24BOL_CHANNEL_5":0,
            "EBL_CHANNEL_100":0,
            "FCC_CHANNEL_48":0,
            "EBH_CHANNEL_124":0,
            "EBL_CHANNEL_104":0,
            "EBH_CHANNEL_120":0,
            "EBH_CHANNEL_116":0,
            "EBL_CHANNEL_108":0,
            "FCC_CHANNEL_40":0,
            "ETCI_CHANNEL_144":0,
            "ETSI2411B_CHANNEL_10":0,
            "FCC_CHANNEL_44":0,
            "EBH_CHANNEL_128":0,
            "ETCI_CHANNEL_140":0,
            "ETSI24BOH_CHANNEL_10":0,
            "EBH_CHANNEL_52":0,
            "ETSI24BOH_CHANNEL_12":0,
            "ETSI24BOH_CHANNEL_13":0,
            "ETSI24BOH_CHANNEL_14":0,
            "EBH_CHANNEL_56":0,
            "JP24BOH_CHANNEL_3":0,
            "JP24BOH_CHANNEL_2":0,
            "JP24BOH_CHANNEL_1":0,
            "JP24BOH_CHANNEL_7":0,
            "JP24BOH_CHANNEL_6":0,
            "JP24BOH_CHANNEL_5":0,
            "JP24BOH_CHANNEL_4":0,
            "FCC24BOH_CHANNEL_8":0,
            "IL_ENABLED":false,
            "FCC_CHANNEL_153":0,
            "FCC_CHANNEL_157":0,
            "UNII1_ALG_0":0,
            "ETSI24BOH_CHANNEL_8":0,
            "UNII3_TX_4":0,
            "EBL_CHANNEL_136":0,
            "FCC24BOH_CHANNEL_3":0,
            "EBL_CHANNEL_132":0,
            "EBH_CHANNEL_153":0,
            "FCC24BOH_CHANNEL_2":0,
            "JP_CHANNEL_60":0,
            "EBH_CHANNEL_157":0,
            "JP_CHANNEL_64":0,
            "JP_CHANNEL_112":0,
            "FCC2411B_CHANNEL_14":0,
            "FCC24BOH_CHANNEL_1":0,
            "FCC2411B_CHANNEL_11":0,
            "FCC2411B_CHANNEL_10":0,
            "FCC2411B_CHANNEL_13":0,
            "FCC2411B_CHANNEL_12":0,
            "ETSI24BOL_CHANNEL_14":0,
            "FCC24BOH_CHANNEL_6":0,
            "UNII2A_TX_1":0,
            "ETSI24BOL_CHANNEL_11":0,
            "ETSI24BOL_CHANNEL_12":0,
            "ETSI24BOL_CHANNEL_13":0,
            "EBL_CHANNEL_48":0,
            "FCC_CHANNEL_161":0,
            "EBL_CHANNEL_40":0,
            "EBL_CHANNEL_60":0,
            "FCC24BOH_CHANNEL_5":0,
            "EBL_CHANNEL_44":0,
            "EBH_CHANNEL_60":0,
            "ETCI_CHANNEL_40":0,
            "UNII3_RX_4":0,
            "EBL_CHANNEL_128":0,
            "FCC_CHANNEL_104":0,
            "ETCI_CHANNEL_149":0,
            "FCC_CHANNEL_100":0,
            "JP_CHANNEL_56":0,
            "EBL_CHANNEL_120":0,
            "JP_CHANNEL_165":0,
            "JP_CHANNEL_52":0,
            "EBL_CHANNEL_124":0,
            "FCC_CHANNEL_108":0,
            "EBH_CHANNEL_140":0,
            "EBL_CHANNEL_144":0,
            "FCC_CHANNEL_60":0,
            "EBH_CHANNEL_144":0,
            "EBH_CHANNEL_64":0,
            "FCC_CHANNEL_64":0,
            "UNII2C2_ALG_3":0,
            "EBH_CHANNEL_149":0,
            "ETCI_CHANNEL_60":0,
            "FCC24_ENABLED":false,
            "ETCI_CHANNEL_64":0,
            "FCC_CHANNEL_165":0,
            "ETCI_CHANNEL_108":0,
            "FCC24BOH_CHANNEL_7":0,
            "EBL_CHANNEL_140":0,
            "ETSI24BOH_CHANNEL_2":0,
            "ETCI_CHANNEL_48":0,
            "EBL_CHANNEL_56":0,
            "JP24BOH_CHANNEL_14":0,
            "EBH_CHANNEL_36":0,
            "EBL_CHANNEL_52":0,
            "JP_ENABLED":false,
            "JP24BOL_CHANNEL_14":0,
            "JP_CHANNEL_108":0,
            "JP_CHANNEL_116":0,
            "JP_CHANNEL_48":0,
            "FCC_CHANNEL_116":0,
            "FCC_CHANNEL_112":0,
            "ETSI24BOH_CHANNEL_11":0,
            "JP_CHANNEL_40":0,
            "JP_CHANNEL_44":0,
            "JP24BOH_CHANNEL_9":0,
            "UNII2C2_RX_3":0,
            "JP_CHANNEL_104":0,
            "ETCI_CHANNEL_112":0,
            "JP24BOH_CHANNEL_8":0,
            "ETCI_CHANNEL_116":0,
            "FCC24BOL_CHANNEL_9":0,
            "EBL_CHANNEL_157":0,
            "FCC24BOL_CHANNEL_7":0,
            "UNII2C1_ALG_2":0,
            "FCC24BOL_CHANNEL_5":0,
            "FCC24BOL_CHANNEL_2":0,
            "UNII2C1_TX_2":0,
            "FCC24BOL_CHANNEL_1":0,
            "ETCI_CHANNEL_165":0,
            "ETSI24BOL_CHANNEL_10":0,
            "ETCI_CHANNEL_161":0,
            "ETSI24_ENABLED":false,
            "JP_CHANNEL_100":0,
            "UNII3_ALG_4":0,
            "ETCI_CHANNEL_169":0,
            "JP_CHANNEL_149":0,
            "EBH_CHANNEL_169":0,
            "FCC_CHANNEL_124":0,
            "JP_CHANNEL_140":0,
            "FCC_CHANNEL_128":0,
            "EBH_CHANNEL_161":0,
            "JP_CHANNEL_144":0,
            "EBH_CHANNEL_165":0,
            "ETCI_CHANNEL_44":0,
            "ETCI_CHANNEL_100":0,
            "ETSI2411B_CHANNEL_11":0,
            "EBL_CHANNEL_149":0,
            "ETSI2411B_CHANNEL_13":0,
            "ETCI_CHANNEL_104":0,
            "FCC24BOH_CHANNEL_10":0,
            "FCC24BOH_CHANNEL_11":0,
            "FCC24BOH_CHANNEL_12":0,
            "JP_CHANNEL_36":0,
            "FCC24BOH_CHANNEL_14":0,
            "FCC24BOL_CHANNEL_4":0,
            "ETCI_CHANNEL_136":0,
            "JP2411B_CHANNEL_1":0,
            "JP2411B_CHANNEL_2":0,
            "JP2411B_CHANNEL_3":0,
            "JP2411B_CHANNEL_4":0,
            "JP2411B_CHANNEL_5":0,
            "JP2411B_CHANNEL_6":0,
            "JP2411B_CHANNEL_7":0,
            "JP2411B_CHANNEL_8":0,
            "JP2411B_CHANNEL_9":0,
            "JP_CHANNEL_169":0,
            "FCC24BOL_CHANNEL_3":0,
            "JP24BOL_CHANNEL_13":0,
            "EBL_CHANNEL_36":0,
            "UNII2C1_RX_2":0,
            "ETCI_CHANNEL_153":0,
            "JP_CHANNEL_157":0,
            "EBH_CHANNEL_44":0,
            "JP_CHANNEL_153":0,
            "FCC_CHANNEL_169":0,
            "UNII2A_ALG_1":0,
            "FCC_CHANNEL_56":0,
            "ETSI_ENABLED":false,
            "FCC2411B_CHANNEL_1":0,
            "JP24BOH_CHANNEL_12":0,
            "FCC2411B_CHANNEL_3":0,
            "JP24BOH_CHANNEL_10":0,
            "ETCI_CHANNEL_132":0,
            "JP24BOL_CHANNEL_12":0,
            "JP24BOL_CHANNEL_11":0,
            "FCC2411B_CHANNEL_6":0,
            "FCC2411B_CHANNEL_9":0,
            "FCC2411B_CHANNEL_8":0,
            "JP_CHANNEL_161":0,
            "EBH_CHANNEL_112":0,
            "ETSI2411B_CHANNEL_9":0,
            "ETSI2411B_CHANNEL_8":0,
            "ExBO_ENABLED":false,
            "FCC_CHANNEL_36":0,
            "ETCI_CHANNEL_128":0,
            "ETSI2411B_CHANNEL_1":0,
            "FCC_ENABLED":false,
            "ETSI2411B_CHANNEL_3":0,
            "ETSI2411B_CHANNEL_2":0,
            "ETSI2411B_CHANNEL_5":0,
            "ETSI2411B_CHANNEL_4":0,
            "ETSI2411B_CHANNEL_7":0,
            "ETSI2411B_CHANNEL_6":0,
            "UNII2A_RX_1":0,
            "FCC_CHANNEL_144":0,
            "FCC2411B_CHANNEL_5":0,
            "FCC24BOL_CHANNEL_14":0,
            "JP_CHANNEL_120":0,
            "FCC24BOL_CHANNEL_10":0,
            "FCC24BOL_CHANNEL_11":0,
            "FCC24BOL_CHANNEL_12":0,
            "FCC24BOL_CHANNEL_13":0,
            "JP_CHANNEL_128":0,
            "UNII2C2_TX_3":0,
            "EBL_CHANNEL_153":0,
            "EBL_CHANNEL_165":0,
            "EBH_CHANNEL_108":0,
            "FCC2411B_CHANNEL_4":0,
            "EBL_CHANNEL_161":0,
            "EBH_CHANNEL_104":0,
            "ETCI_CHANNEL_120":0,
            "EBH_CHANNEL_100":0,
            "ETCI_CHANNEL_124":0,
            "EBL_CHANNEL_169":0,
            "ETSI2411B_CHANNEL_12":0,
            "UNII1_RX_0":0,
            "FCC24BOH_CHANNEL_13":0,
            "FCC_CHANNEL_149":0,
            "EBH_CHANNEL_132":0,
            "JP2411B_CHANNEL_12":0,
            "JP2411B_CHANNEL_13":0,
            "JP2411B_CHANNEL_10":0,
            "JP2411B_CHANNEL_11":0,
            "JP2411B_CHANNEL_14":0,
            "ETSI24BOH_CHANNEL_9":0,
            "ETSI24BOH_CHANNEL_6":0,
            "ETSI24BOH_CHANNEL_7":0,
            "ETSI24BOH_CHANNEL_4":0,
            "ETSI24BOH_CHANNEL_5":0,
            "FCC_CHANNEL_132":0,
            "ETSI24BOH_CHANNEL_3":0,
            "FCC24BOH_CHANNEL_4":0,
            "ETSI24BOH_CHANNEL_1":0,
            "FCC24BOL_CHANNEL_8":0,
            "JP_CHANNEL_132":0,
            "ETSI2411B_CHANNEL_14":0,
            "JP_CHANNEL_136":0,
            "EBL_CHANNEL_112":0,
            "JP24_ENABLED":false,
            "EBL_CHANNEL_116":0,
            "JP_CHANNEL_124":0,
            "FCC_CHANNEL_52":0,
            "ETCI_CHANNEL_157":0,
            "UNII1_TX_0":0,
            "FCC24BOH_CHANNEL_9":0,
            "EBH_CHANNEL_136":0,
            "JP24BOH_CHANNEL_13":0,
            "ETCI_CHANNEL_52":0,
            "ETCI_CHANNEL_36":0,
            "EBH_CHANNEL_40":0,
            "JP24BOL_CHANNEL_10":0,
            "FCC_CHANNEL_136":0,
            "EBH_CHANNEL_48":0,
            "JP24BOH_CHANNEL_11":0,
            "JP24BOL_CHANNEL_4":0,
            "JP24BOL_CHANNEL_7":0,
            "JP24BOL_CHANNEL_6":0,
            "JP24BOL_CHANNEL_5":0,
            "FCC2411B_CHANNEL_2":0,
            "JP24BOL_CHANNEL_3":0,
            "JP24BOL_CHANNEL_2":0,
            "JP24BOL_CHANNEL_1":0,
            "ETCI_CHANNEL_56":0,
            "EBL_CHANNEL_64":0,
            "FCC_CHANNEL_140":0,
            "FCC24BOL_CHANNEL_6":0,
            "JP24BOL_CHANNEL_9":0,
            "JP24BOL_CHANNEL_8":0
        },
        "CONFIG_TYPE_STA_CONFIG":{
            "AUTOPROVISIONING":"1",
            "USEFASTCONNECT":"0",
            "AUTOSTART":"1",
            "CONNECTTOANYP2P":"0"
        },
        "CONFIG_TYPE_DHCP_SRV":{
            "AP_DHCP_SERVER_LAST_IP_ADDRESS":"10.123.45.254",
            "SystemFileId":"CONFIG_TYPE_DHCP_SRV",
            "AP_DHCP_SERVER_START_IP_ADDRESS":"10.123.45.2",
            "AP_DHCP_SERVER_LEASE_TIME":"24"
        },
        "CONFIG_TYPE_MODE":{
            "ANTSEL_ANT1":8,
            "SL_EVENT_CLASS_NETCFG":0,
            "PROVISIONING_SAVED_ROLE":0,
            "SL_EVENT_CLASS_FS":0,
            "AUTO_PROV_EXTERNAL_CONFIRMATION":"0",
            "PROVISIONING_MODE":2,
            "SL_EVENT_CLASS_WLAN":0,
            "AP_START_APPS":15,
            "SL_EVENT_CLASS_GLOBAL":0,
            "PROVISIONING_STATE":0,
            "Is5GEnabled":true,
            "ANTSEL_ANT2":9,
            "SL_EVENT_CLASS_BSD":0,
            "PHY_AP_HIGH_TX_POWER":0,
            "P2P_GO_START_APPS":15,
            "PHY_CAL_MODE":"0",
            "COUNTRY_CODE":"EU",
            "PROVISIONING_RESULT":0,
            "STA_START_APPS":5,
            "PROVISIONING_SAVED_AUTO_START":1,
            "CO_EX_OUTPUT":3,
            "SL_EVENT_CLASS_DEVICE":0,
            "AP_TX_POWER_LEVEL":"0",
            "PROVISIONING_MONITOR_TIMER":0,
            "P2P_CLS_START_APPS":5,
            "SystemFileId":"CONFIG_TYPE_MODE",
            "START_ROLE":"2",
            "SL_EVENT_CLASS_NETAPP":0,
            "CO_EX_MODE":0,
            "PHY_STA_HIGH_TX_POWER":0,
            "CO_EX_INPUT":0,
            "PROVISIONING_ROLE_AFTER_SUCCESS":0,
            "ANTSEL_MODE":0,
            "IGNORE_FORCE_AP":"0",
            "STA_TX_POWER_LEVEL":"0"
        }
    }
}